{"name":"4b73e992-57fd-4ce8-a0df-0402b9594ba0","id":"/providers/Microsoft.Flow/flows/4b73e992-57fd-4ce8-a0df-0402b9594ba0","type":"Microsoft.Flow/flows","properties":{"apiId":"/providers/Microsoft.PowerApps/apis/shared_logicflows","displayName":"approval workflow","definition":{"metadata":{"workflowEntityId":null,"processAdvisorMetadata":null,"flowclientsuspensionreason":"None","flowclientsuspensiontime":null,"flowclientsuspensionreasondetails":null,"creator":{"id":"5a20b2d6-e97f-433d-99ac-543d2bd9ebab","type":"User","tenantId":"44cf3ec3-840c-4086-b7de-e3bc9a6c2db4"},"provisioningMethod":"FromDefinition","failureAlertSubscription":true,"clientLastModifiedTime":"2023-01-04T14:29:31.9621958Z"},"$schema":"https://schema.management.azure.com/providers/Microsoft.Logic/schemas/2016-06-01/workflowdefinition.json#","contentVersion":"1.0.0.0","parameters":{"$connections":{"defaultValue":{},"type":"Object"},"$authentication":{"defaultValue":{},"type":"SecureObject"}},"triggers":{"When_an_item_is_created":{"recurrence":{"frequency":"Minute","interval":5},"splitOn":"@triggerOutputs()?['body/value']","metadata":{"operationMetadataId":"c66d8332-a86f-404a-8527-f45ccf4fc091"},"type":"OpenApiConnection","inputs":{"host":{"apiId":"/providers/Microsoft.PowerApps/apis/shared_sharepointonline","connectionName":"shared_sharepointonline","operationId":"GetOnNewItems"},"parameters":{"dataset":"https://docgov.sharepoint.com/sites/OfficeofFacilitiesandEnvironmentalQuality","table":"cccb4487-0905-40fe-a0af-5694a943e94a"},"authentication":"@parameters('$authentication')"}}},"actions":{"Approvers":{"runAfter":{"Update_item":["Succeeded"]},"metadata":{"operationMetadataId":"6ae985d2-2091-4e8d-b7e3-701e523e3d35"},"type":"InitializeVariable","inputs":{"variables":[{"name":"varApprovers","type":"array","value":["mjones5@doc.gov"]}]}},"Update_item":{"runAfter":{},"metadata":{"operationMetadataId":"4a356af1-e91c-4fa6-b913-ea7cf95a63bc"},"type":"OpenApiConnection","inputs":{"host":{"apiId":"/providers/Microsoft.PowerApps/apis/shared_sharepointonline","connectionName":"shared_sharepointonline","operationId":"PatchItem"},"parameters":{"dataset":"https://docgov.sharepoint.com/sites/OfficeofFacilitiesandEnvironmentalQuality","table":"cccb4487-0905-40fe-a0af-5694a943e94a","id":"@triggerOutputs()?['body/ID']","item/Title":"@triggerOutputs()?['body/Title']","item/StartDate":"@triggerOutputs()?['body/StartDate']","item/EndDate":"@triggerOutputs()?['body/EndDate']","item/Description":"@triggerOutputs()?['body/Description']","item/CreatedBy_x003a_/Claims":"@triggerOutputs()?['body/Author/DisplayName']","item/ApprovalStatus/Value":"Pending","item/ApprovalHistory":"@triggerOutputs()?['body/ApprovalHistory']","item/ApprovalType/Id":"@triggerOutputs()?['body/ApprovalType/Id']","item/ApprovalIndex":"@triggerOutputs()?['body/ID']"},"authentication":"@parameters('$authentication')"}},"Status":{"runAfter":{"Approvers":["Succeeded"]},"metadata":{"operationMetadataId":"d25f175a-3909-4b26-883d-1068c6e89912"},"type":"InitializeVariable","inputs":{"variables":[{"name":"varStatus","type":"string","value":"Pending"}]}},"Apply_to_each":{"foreach":"@variables('varApprovers')","actions":{"Condition":{"actions":{"Start_and_wait_for_an_approval":{"runAfter":{},"metadata":{"operationMetadataId":"b9160400-6e84-470e-be65-4f58f529c48c"},"type":"OpenApiConnectionWebhook","inputs":{"host":{"apiId":"/providers/Microsoft.PowerApps/apis/shared_approvals","connectionName":"shared_approvals","operationId":"StartAndWaitForAnApproval"},"parameters":{"approvalType":"Basic","WebhookApprovalCreationInput/title":"Approval for @{outputs('Update_item')?['body/Title']}","WebhookApprovalCreationInput/assignedTo":"@{item()};","WebhookApprovalCreationInput/details":"@{outputs('Update_item')?['body/Title']}@{outputs('Update_item')?['body/Description']}","WebhookApprovalCreationInput/itemLink":"@outputs('Update_item')?['body/{Link}']","WebhookApprovalCreationInput/itemLinkDescription":"@outputs('Update_item')?['body/Title']","WebhookApprovalCreationInput/enableNotifications":true,"WebhookApprovalCreationInput/enableReassignment":true},"authentication":"@parameters('$authentication')"}},"Condition_2":{"actions":{"Condition_3":{"actions":{"Update_item_status_approved":{"runAfter":{},"metadata":{"operationMetadataId":"129a7825-a7d6-48fe-a910-1378534be878"},"type":"OpenApiConnection","inputs":{"host":{"apiId":"/providers/Microsoft.PowerApps/apis/shared_sharepointonline","connectionName":"shared_sharepointonline","operationId":"PatchItem"},"parameters":{"dataset":"https://docgov.sharepoint.com/sites/OfficeofFacilitiesandEnvironmentalQuality","table":"cccb4487-0905-40fe-a0af-5694a943e94a","id":"@outputs('Update_item')?['body/ID']","item/Title":"@outputs('Update_item')?['body/Title']","item/StartDate":"@triggerOutputs()?['body/StartDate']","item/EndDate":"@triggerOutputs()?['body/EndDate']","item/Description":"@outputs('Update_item')?['body/Description']","item/ApprovalStatus/Value":"Approved"},"authentication":"@parameters('$authentication')"}}},"runAfter":{},"expression":{"equals":["@length(variables('varApprovers'))","@variables('varCounter')"]},"metadata":{"operationMetadataId":"ec059187-c38d-4a02-9e42-8be3f327148e"},"type":"If"}},"runAfter":{"Increment_variable":["Succeeded"]},"else":{"actions":{"Update_item_status_rejected":{"runAfter":{},"metadata":{"operationMetadataId":"0fced514-f20f-445e-b212-bb8fc7b103ff"},"type":"OpenApiConnection","inputs":{"host":{"apiId":"/providers/Microsoft.PowerApps/apis/shared_sharepointonline","connectionName":"shared_sharepointonline","operationId":"PatchItem"},"parameters":{"dataset":"https://docgov.sharepoint.com/sites/OfficeofFacilitiesandEnvironmentalQuality","table":"cccb4487-0905-40fe-a0af-5694a943e94a","id":"@outputs('Update_item')?['body/ID']","item/Title":"@outputs('Update_item')?['body/Title']","item/StartDate":"@outputs('Update_item')?['body/StartDate']","item/EndDate":"@outputs('Update_item')?['body/EndDate']","item/Description":"@outputs('Update_item')?['body/Description']","item/ApprovalStatus/Value":"Rejected"},"authentication":"@parameters('$authentication')"}},"Set_variable":{"runAfter":{"Update_item_status_rejected":["Succeeded"]},"metadata":{"operationMetadataId":"46386377-e97d-4afa-b276-b73702103b7b"},"type":"SetVariable","inputs":{"name":"varStatus","value":"Rejected"}}}},"expression":{"equals":["@outputs('Start_and_wait_for_an_approval')?['body/outcome']","Approve"]},"metadata":{"operationMetadataId":"ab38bbb7-11d0-4239-91b9-c1fd1a5b15e4"},"type":"If"},"Increment_variable":{"runAfter":{"Start_and_wait_for_an_approval":["Succeeded"]},"metadata":{"operationMetadataId":"f8b5c688-0007-4f5a-adaa-eb094020c3c8"},"type":"IncrementVariable","inputs":{"name":"varCounter","value":1}}},"runAfter":{},"expression":{"not":{"equals":["@variables('varStatus')","Rejected"]}},"metadata":{"operationMetadataId":"38b0faf1-4238-4403-8a19-1a34b94cfe08"},"type":"If"}},"runAfter":{"Initialize_variable":["Succeeded"]},"metadata":{"operationMetadataId":"d8f41b2f-b00a-4035-865f-d765d08b7cef"},"type":"Foreach"},"Initialize_variable":{"runAfter":{"Status":["Succeeded"]},"metadata":{"operationMetadataId":"bc5e6f11-6dd0-436d-b2fc-ee4ac1d51367"},"type":"InitializeVariable","inputs":{"variables":[{"name":"varCounter","type":"integer","value":0}]}}}},"connectionReferences":{"shared_sharepointonline":{"connectionName":"shared-sharepointonl-5d8cbd5b-3f17-49ad-961c-da0d3649c1ec","source":"Embedded","id":"/providers/Microsoft.PowerApps/apis/shared_sharepointonline","tier":"NotSpecified"},"shared_approvals":{"connectionName":"shared-approvals-fda11d70-5c1d-4fbe-8230-df33df406608","source":"Embedded","id":"/providers/Microsoft.PowerApps/apis/shared_approvals","tier":"NotSpecified"}},"flowFailureAlertSubscribed":false,"isManaged":false}}